-- phpMyAdmin SQL Dump
-- version 5.2.1
-- https://www.phpmyadmin.net/
--
-- Host: 127.0.0.1
-- Generation Time: Feb 12, 2025 at 01:47 PM
-- Server version: 10.4.32-MariaDB
-- PHP Version: 8.2.12

SET SQL_MODE = "NO_AUTO_VALUE_ON_ZERO";
START TRANSACTION;
SET time_zone = "+00:00";


/*!40101 SET @OLD_CHARACTER_SET_CLIENT=@@CHARACTER_SET_CLIENT */;
/*!40101 SET @OLD_CHARACTER_SET_RESULTS=@@CHARACTER_SET_RESULTS */;
/*!40101 SET @OLD_COLLATION_CONNECTION=@@COLLATION_CONNECTION */;
/*!40101 SET NAMES utf8mb4 */;

--
-- Database: `sheet_db`
--

-- --------------------------------------------------------

--
-- Table structure for table `activities`
--

CREATE TABLE `activities` (
  `id` bigint(20) UNSIGNED NOT NULL,
  `user_id` bigint(20) UNSIGNED NOT NULL,
  `task_id` int(11) DEFAULT NULL,
  `title` varchar(255) NOT NULL,
  `description` text DEFAULT NULL,
  `status` enum('Pending','In Progress','Completed') NOT NULL DEFAULT 'Pending',
  `created_at` timestamp NULL DEFAULT NULL,
  `updated_at` timestamp NULL DEFAULT NULL,
  `start_time` timestamp NULL DEFAULT NULL,
  `end_time` timestamp NULL DEFAULT NULL
) ENGINE=InnoDB DEFAULT CHARSET=utf8mb4 COLLATE=utf8mb4_unicode_ci;

--
-- Dumping data for table `activities`
--

INSERT INTO `activities` (`id`, `user_id`, `task_id`, `title`, `description`, `status`, `created_at`, `updated_at`, `start_time`, `end_time`) VALUES
(12, 2, NULL, 'Dark mode', 'Add dark mode feature to the admin side', 'Completed', '2025-01-28 16:49:00', '2025-01-28 17:17:35', NULL, NULL);

-- --------------------------------------------------------

--
-- Table structure for table `cache`
--

CREATE TABLE `cache` (
  `key` varchar(255) NOT NULL,
  `value` mediumtext NOT NULL,
  `expiration` int(11) NOT NULL
) ENGINE=InnoDB DEFAULT CHARSET=utf8mb4 COLLATE=utf8mb4_unicode_ci;

--
-- Dumping data for table `cache`
--

INSERT INTO `cache` (`key`, `value`, `expiration`) VALUES
('asaresylvester033@gmail.com|127.0.0.1', 'i:1;', 1739357225),
('asaresylvester033@gmail.com|127.0.0.1:timer', 'i:1739357225;', 1739357225);

-- --------------------------------------------------------

--
-- Table structure for table `cache_locks`
--

CREATE TABLE `cache_locks` (
  `key` varchar(255) NOT NULL,
  `owner` varchar(255) NOT NULL,
  `expiration` int(11) NOT NULL
) ENGINE=InnoDB DEFAULT CHARSET=utf8mb4 COLLATE=utf8mb4_unicode_ci;

-- --------------------------------------------------------

--
-- Table structure for table `failed_jobs`
--

CREATE TABLE `failed_jobs` (
  `id` bigint(20) UNSIGNED NOT NULL,
  `uuid` varchar(255) NOT NULL,
  `connection` text NOT NULL,
  `queue` text NOT NULL,
  `payload` longtext NOT NULL,
  `exception` longtext NOT NULL,
  `failed_at` timestamp NOT NULL DEFAULT current_timestamp()
) ENGINE=InnoDB DEFAULT CHARSET=utf8mb4 COLLATE=utf8mb4_unicode_ci;

-- --------------------------------------------------------

--
-- Table structure for table `jobs`
--

CREATE TABLE `jobs` (
  `id` bigint(20) UNSIGNED NOT NULL,
  `queue` varchar(255) NOT NULL,
  `payload` longtext NOT NULL,
  `attempts` tinyint(3) UNSIGNED NOT NULL,
  `reserved_at` int(10) UNSIGNED DEFAULT NULL,
  `available_at` int(10) UNSIGNED NOT NULL,
  `created_at` int(10) UNSIGNED NOT NULL
) ENGINE=InnoDB DEFAULT CHARSET=utf8mb4 COLLATE=utf8mb4_unicode_ci;

-- --------------------------------------------------------

--
-- Table structure for table `job_batches`
--

CREATE TABLE `job_batches` (
  `id` varchar(255) NOT NULL,
  `name` varchar(255) NOT NULL,
  `total_jobs` int(11) NOT NULL,
  `pending_jobs` int(11) NOT NULL,
  `failed_jobs` int(11) NOT NULL,
  `failed_job_ids` longtext NOT NULL,
  `options` mediumtext DEFAULT NULL,
  `cancelled_at` int(11) DEFAULT NULL,
  `created_at` int(11) NOT NULL,
  `finished_at` int(11) DEFAULT NULL
) ENGINE=InnoDB DEFAULT CHARSET=utf8mb4 COLLATE=utf8mb4_unicode_ci;

-- --------------------------------------------------------

--
-- Table structure for table `meetings`
--

CREATE TABLE `meetings` (
  `id` bigint(20) UNSIGNED NOT NULL,
  `title` varchar(255) NOT NULL,
  `description` text DEFAULT NULL,
  `start_time` timestamp NOT NULL DEFAULT current_timestamp(),
  `end_time` timestamp NOT NULL DEFAULT current_timestamp(),
  `created_at` timestamp NULL DEFAULT NULL,
  `updated_at` timestamp NULL DEFAULT NULL
) ENGINE=InnoDB DEFAULT CHARSET=utf8mb4 COLLATE=utf8mb4_unicode_ci;

--
-- Dumping data for table `meetings`
--

INSERT INTO `meetings` (`id`, `title`, `description`, `start_time`, `end_time`, `created_at`, `updated_at`) VALUES
(1, 'Way forward', 'Join via whatsapp', '2025-01-24 12:00:00', '2025-01-24 13:00:00', '2025-01-23 11:40:28', '2025-01-23 11:40:28'),
(2, 'Hit`', 'Hit', '2025-01-24 18:50:00', '2025-01-24 19:50:00', '2025-01-24 17:48:55', '2025-01-24 17:48:55'),
(3, 'Way forward', 'Discuss the way forward of this organisation', '2025-01-30 11:45:00', '2025-01-30 12:45:00', '2025-01-30 10:44:39', '2025-01-30 10:44:39'),
(4, 'Way forward', 'hjhjhjh', '2025-01-30 11:00:00', '2025-01-30 12:45:00', '2025-01-30 10:46:54', '2025-01-30 10:46:54'),
(5, 'Way forward', 'WAYYYY', '2025-01-30 11:00:00', '2025-01-30 12:00:00', '2025-01-30 10:55:15', '2025-01-30 10:55:15'),
(6, 'shit', 'ghghg', '2025-01-30 11:00:00', '2025-01-30 12:00:00', '2025-01-30 10:56:28', '2025-01-30 10:56:28'),
(7, 'shit', 'ghghghg', '2025-01-30 11:00:00', '2025-01-30 12:00:00', '2025-01-30 10:59:20', '2025-01-30 10:59:20');

-- --------------------------------------------------------

--
-- Table structure for table `meeting_user`
--

CREATE TABLE `meeting_user` (
  `id` bigint(20) UNSIGNED NOT NULL,
  `meeting_id` bigint(20) UNSIGNED NOT NULL,
  `user_id` bigint(20) UNSIGNED NOT NULL,
  `created_at` timestamp NULL DEFAULT current_timestamp(),
  `updated_at` timestamp NULL DEFAULT current_timestamp()
) ENGINE=InnoDB DEFAULT CHARSET=utf8mb4 COLLATE=utf8mb4_unicode_ci;

--
-- Dumping data for table `meeting_user`
--

INSERT INTO `meeting_user` (`id`, `meeting_id`, `user_id`, `created_at`, `updated_at`) VALUES
(1, 1, 1, NULL, NULL),
(2, 2, 1, NULL, NULL),
(3, 2, 2, NULL, NULL),
(4, 3, 2, '2025-01-30 10:44:39', '2025-01-30 10:44:39'),
(5, 4, 2, '2025-01-30 10:46:54', '2025-01-30 10:46:54'),
(6, 5, 2, '2025-01-30 10:55:15', '2025-01-30 10:55:15'),
(7, 6, 2, '2025-01-30 10:56:28', '2025-01-30 10:56:28'),
(8, 7, 2, '2025-01-30 10:59:20', '2025-01-30 10:59:20');

-- --------------------------------------------------------

--
-- Table structure for table `migrations`
--

CREATE TABLE `migrations` (
  `id` int(10) UNSIGNED NOT NULL,
  `migration` varchar(255) NOT NULL,
  `batch` int(11) NOT NULL
) ENGINE=InnoDB DEFAULT CHARSET=utf8mb4 COLLATE=utf8mb4_unicode_ci;

--
-- Dumping data for table `migrations`
--

INSERT INTO `migrations` (`id`, `migration`, `batch`) VALUES
(1, '0001_01_01_000000_create_users_table', 1),
(2, '0001_01_01_000001_create_cache_table', 1),
(3, '0001_01_01_000002_create_jobs_table', 1),
(4, '2024_12_03_100909_add_role_to_users_table', 1),
(5, '2024_12_03_102210_create_activities_table', 1),
(6, '2024_12_03_102256_create_tasks_table', 1),
(7, '2025_01_23_105438_add_start_and_end_time_to_activities_table', 2),
(8, '2025_01_23_110516_create_meetings_table', 3);

-- --------------------------------------------------------

--
-- Table structure for table `password_reset_tokens`
--

CREATE TABLE `password_reset_tokens` (
  `email` varchar(255) NOT NULL,
  `token` varchar(255) NOT NULL,
  `created_at` timestamp NULL DEFAULT NULL
) ENGINE=InnoDB DEFAULT CHARSET=utf8mb4 COLLATE=utf8mb4_unicode_ci;

-- --------------------------------------------------------

--
-- Table structure for table `sessions`
--

CREATE TABLE `sessions` (
  `id` varchar(255) NOT NULL,
  `user_id` bigint(20) UNSIGNED DEFAULT NULL,
  `ip_address` varchar(45) DEFAULT NULL,
  `user_agent` text DEFAULT NULL,
  `payload` longtext NOT NULL,
  `last_activity` int(11) NOT NULL
) ENGINE=InnoDB DEFAULT CHARSET=utf8mb4 COLLATE=utf8mb4_unicode_ci;

--
-- Dumping data for table `sessions`
--

INSERT INTO `sessions` (`id`, `user_id`, `ip_address`, `user_agent`, `payload`, `last_activity`) VALUES
('6MBMU4QEbyoTe9Z1paW7kkAtZIL6xq1fXgXAyisy', 1, '127.0.0.1', 'Mozilla/5.0 (Windows NT 10.0; Win64; x64) AppleWebKit/537.36 (KHTML, like Gecko) Chrome/132.0.0.0 Safari/537.36', 'YTo0OntzOjY6Il90b2tlbiI7czo0MDoiNFZab01hbFluSDNVQ25GRnhyZncyYkRzanN3MHc0NERiOVI0SVp0UiI7czo2OiJfZmxhc2giO2E6Mjp7czozOiJvbGQiO2E6MDp7fXM6MzoibmV3IjthOjA6e319czo5OiJfcHJldmlvdXMiO2E6MTp7czozOiJ1cmwiO3M6MzE6Imh0dHA6Ly8xMjcuMC4wLjE6ODAwMC9kYXNoYm9hcmQiO31zOjUwOiJsb2dpbl93ZWJfNTliYTM2YWRkYzJiMmY5NDAxNTgwZjAxNGM3ZjU4ZWE0ZTMwOTg5ZCI7aToxO30=', 1738139278),
('hq0uXqcSgkIOKSUTT9YgEaH90ioRYuVHxFrdPrR1', 1, '127.0.0.1', 'Mozilla/5.0 (Windows NT 10.0; Win64; x64) AppleWebKit/537.36 (KHTML, like Gecko) Chrome/132.0.0.0 Safari/537.36', 'YTo0OntzOjY6Il90b2tlbiI7czo0MDoidXdyZUZOV204bmh5ekI3U3p0MHF5RXdwTzg3SG5wVTJsOGI4VVhHdyI7czo5OiJfcHJldmlvdXMiO2E6MTp7czozOiJ1cmwiO3M6Mzc6Imh0dHA6Ly8xMjcuMC4wLjE6ODAwMC9hZG1pbi9kYXNoYm9hcmQiO31zOjY6Il9mbGFzaCI7YToyOntzOjM6Im9sZCI7YTowOnt9czozOiJuZXciO2E6MDp7fX1zOjUwOiJsb2dpbl93ZWJfNTliYTM2YWRkYzJiMmY5NDAxNTgwZjAxNGM3ZjU4ZWE0ZTMwOTg5ZCI7aToxO30=', 1739364304),
('Ifw6atFKPSjbcLuaq42AqfhGGrFnH0MavdSiSiNR', 2, '127.0.0.1', 'Mozilla/5.0 (Windows NT 10.0; Win64; x64) AppleWebKit/537.36 (KHTML, like Gecko) Chrome/132.0.0.0 Safari/537.36', 'YTo0OntzOjY6Il90b2tlbiI7czo0MDoibllSNWx1VklpTzNrb0FjblNodkg1T2I5aTdJWGdERGJxY2t4YVN2dyI7czo2OiJfZmxhc2giO2E6Mjp7czozOiJvbGQiO2E6MDp7fXM6MzoibmV3IjthOjA6e319czo5OiJfcHJldmlvdXMiO2E6MTp7czozOiJ1cmwiO3M6MzE6Imh0dHA6Ly8xMjcuMC4wLjE6ODAwMC9kYXNoYm9hcmQiO31zOjUwOiJsb2dpbl93ZWJfNTliYTM2YWRkYzJiMmY5NDAxNTgwZjAxNGM3ZjU4ZWE0ZTMwOTg5ZCI7aToyO30=', 1738234480),
('ii2XbY4M724Sk5cmAj6yQTtRqVenu37Tm69yKG5U', 1, '127.0.0.1', 'Mozilla/5.0 (iPhone; CPU iPhone OS 16_6 like Mac OS X) AppleWebKit/605.1.15 (KHTML, like Gecko) Version/16.6 Mobile/15E148 Safari/604.1 Edg/132.0.0.0', 'YTo0OntzOjY6Il90b2tlbiI7czo0MDoiVVNLdHRSd1N0Wm1Gb1ZoRjhWd1F2UlAwdVQ4MFJWdGtCQW1IR1R0SyI7czo2OiJfZmxhc2giO2E6Mjp7czozOiJvbGQiO2E6MDp7fXM6MzoibmV3IjthOjA6e319czo5OiJfcHJldmlvdXMiO2E6MTp7czozOiJ1cmwiO3M6Mzc6Imh0dHA6Ly8xMjcuMC4wLjE6ODAwMC9tZWV0aW5ncy9jcmVhdGUiO31zOjUwOiJsb2dpbl93ZWJfNTliYTM2YWRkYzJiMmY5NDAxNTgwZjAxNGM3ZjU4ZWE0ZTMwOTg5ZCI7aToxO30=', 1738234738),
('Lwvv3JweONsmYyVOcsMjzYtdta09l40ZQtMPFqiR', 1, '192.168.100.212', 'Mozilla/5.0 (Linux; Android 10; K) AppleWebKit/537.36 (KHTML, like Gecko) Chrome/132.0.0.0 Mobile Safari/537.36', 'YTo0OntzOjY6Il90b2tlbiI7czo0MDoiTnFYQVRzR1psNzhzdlNmTXc2Z3lGUEc2RUxlc2N2ckZ3b2tIVFNvaCI7czo5OiJfcHJldmlvdXMiO2E6MTp7czozOiJ1cmwiO3M6NDM6Imh0dHA6Ly8xOTIuMTY4LjEwMC4yMTg6ODAwMC9hZG1pbi9kYXNoYm9hcmQiO31zOjY6Il9mbGFzaCI7YToyOntzOjM6Im9sZCI7YTowOnt9czozOiJuZXciO2E6MDp7fX1zOjUwOiJsb2dpbl93ZWJfNTliYTM2YWRkYzJiMmY5NDAxNTgwZjAxNGM3ZjU4ZWE0ZTMwOTg5ZCI7aToxO30=', 1738141186),
('PgbTvVkEB8wutM1r27zJ4Tg0OpeWcJKBjbdXglgI', 1, '127.0.0.1', 'Mozilla/5.0 (Windows NT 10.0; Win64; x64) AppleWebKit/537.36 (KHTML, like Gecko) Chrome/132.0.0.0 Safari/537.36', 'YTo0OntzOjY6Il90b2tlbiI7czo0MDoicm5BdXBJSkRaTHc4N0hVVEcweUFQekRkRTcwTFROVUQ5REg2U1dNcyI7czo5OiJfcHJldmlvdXMiO2E6MTp7czozOiJ1cmwiO3M6MzE6Imh0dHA6Ly8xMjcuMC4wLjE6ODAwMC9kYXNoYm9hcmQiO31zOjY6Il9mbGFzaCI7YToyOntzOjM6Im9sZCI7YTowOnt9czozOiJuZXciO2E6MDp7fX1zOjUwOiJsb2dpbl93ZWJfNTliYTM2YWRkYzJiMmY5NDAxNTgwZjAxNGM3ZjU4ZWE0ZTMwOTg5ZCI7aToxO30=', 1738139453),
('vEjy9rwfLgMXCIAWCDTlfvF3w2gY219iuRyQwrYj', 1, '192.168.100.212', 'Mozilla/5.0 (Linux; Android 10; K) AppleWebKit/537.36 (KHTML, like Gecko) Chrome/132.0.0.0 Mobile Safari/537.36', 'YTo0OntzOjY6Il90b2tlbiI7czo0MDoiSUN2NGpPdmhzNEcxcjd4cVZQUG5ibHlIMzhlQ0k1a2JYb0Zmdmd1WSI7czo5OiJfcHJldmlvdXMiO2E6MTp7czozOiJ1cmwiO3M6NDM6Imh0dHA6Ly8xOTIuMTY4LjEwMC4yMTg6ODAwMC9hZG1pbi9kYXNoYm9hcmQiO31zOjY6Il9mbGFzaCI7YToyOntzOjM6Im9sZCI7YTowOnt9czozOiJuZXciO2E6MDp7fX1zOjUwOiJsb2dpbl93ZWJfNTliYTM2YWRkYzJiMmY5NDAxNTgwZjAxNGM3ZjU4ZWE0ZTMwOTg5ZCI7aToxO30=', 1738139114);

-- --------------------------------------------------------

--
-- Table structure for table `tasks`
--

CREATE TABLE `tasks` (
  `id` bigint(20) UNSIGNED NOT NULL,
  `user_id` bigint(20) UNSIGNED NOT NULL,
  `title` varchar(225) NOT NULL,
  `description` text DEFAULT NULL,
  `priority` enum('Low','Medium','High') NOT NULL DEFAULT 'Medium',
  `due_date` date NOT NULL,
  `status` enum('Pending','In Progress','Completed','Received') NOT NULL DEFAULT 'Pending',
  `created_at` timestamp NULL DEFAULT NULL,
  `updated_at` timestamp NULL DEFAULT NULL
) ENGINE=InnoDB DEFAULT CHARSET=utf8mb4 COLLATE=utf8mb4_unicode_ci;

-- --------------------------------------------------------

--
-- Table structure for table `users`
--

CREATE TABLE `users` (
  `id` bigint(20) UNSIGNED NOT NULL,
  `name` varchar(255) NOT NULL,
  `email` varchar(255) NOT NULL,
  `email_verified_at` timestamp NULL DEFAULT NULL,
  `password` varchar(255) NOT NULL,
  `remember_token` varchar(100) DEFAULT NULL,
  `created_at` timestamp NULL DEFAULT NULL,
  `updated_at` timestamp NULL DEFAULT NULL,
  `role` varchar(255) NOT NULL DEFAULT 'member'
) ENGINE=InnoDB DEFAULT CHARSET=utf8mb4 COLLATE=utf8mb4_unicode_ci;

--
-- Dumping data for table `users`
--

INSERT INTO `users` (`id`, `name`, `email`, `email_verified_at`, `password`, `remember_token`, `created_at`, `updated_at`, `role`) VALUES
(1, 'Admin', 'admin@admin.com', NULL, '$2y$12$ZO8KfdAJKJ/3qwa5aRmGP.JOy0xtWzSgMmOvvxF00Nyz7/yiw9paq', NULL, '2025-01-23 09:58:50', '2025-01-23 09:58:50', 'admin'),
(2, 'Asare Sylvester', 'asaresylvester033@gmail.com', NULL, '$2y$12$oLKK.oyNEmTVW3KK4.uxv.pRz9A1BLkMa8qQnn6j/ERZ9.zpDeJX.', 'hBIka0Oxdlgot8IVefVnFDjQLBM6ARKE1mDvJKqIQecfEl8dDzvd2chFcdHx', '2025-01-24 17:46:18', '2025-01-28 15:37:11', 'member');

--
-- Indexes for dumped tables
--

--
-- Indexes for table `activities`
--
ALTER TABLE `activities`
  ADD PRIMARY KEY (`id`),
  ADD KEY `activities_user_id_foreign` (`user_id`);

--
-- Indexes for table `cache`
--
ALTER TABLE `cache`
  ADD PRIMARY KEY (`key`);

--
-- Indexes for table `cache_locks`
--
ALTER TABLE `cache_locks`
  ADD PRIMARY KEY (`key`);

--
-- Indexes for table `failed_jobs`
--
ALTER TABLE `failed_jobs`
  ADD PRIMARY KEY (`id`),
  ADD UNIQUE KEY `failed_jobs_uuid_unique` (`uuid`);

--
-- Indexes for table `jobs`
--
ALTER TABLE `jobs`
  ADD PRIMARY KEY (`id`),
  ADD KEY `jobs_queue_index` (`queue`);

--
-- Indexes for table `job_batches`
--
ALTER TABLE `job_batches`
  ADD PRIMARY KEY (`id`);

--
-- Indexes for table `meetings`
--
ALTER TABLE `meetings`
  ADD PRIMARY KEY (`id`);

--
-- Indexes for table `meeting_user`
--
ALTER TABLE `meeting_user`
  ADD PRIMARY KEY (`id`),
  ADD KEY `meeting_user_meeting_id_foreign` (`meeting_id`),
  ADD KEY `meeting_user_user_id_foreign` (`user_id`);

--
-- Indexes for table `migrations`
--
ALTER TABLE `migrations`
  ADD PRIMARY KEY (`id`);

--
-- Indexes for table `password_reset_tokens`
--
ALTER TABLE `password_reset_tokens`
  ADD PRIMARY KEY (`email`);

--
-- Indexes for table `sessions`
--
ALTER TABLE `sessions`
  ADD PRIMARY KEY (`id`),
  ADD KEY `sessions_user_id_index` (`user_id`),
  ADD KEY `sessions_last_activity_index` (`last_activity`);

--
-- Indexes for table `tasks`
--
ALTER TABLE `tasks`
  ADD PRIMARY KEY (`id`),
  ADD KEY `tasks_user_id_foreign` (`user_id`);

--
-- Indexes for table `users`
--
ALTER TABLE `users`
  ADD PRIMARY KEY (`id`),
  ADD UNIQUE KEY `users_email_unique` (`email`);

--
-- AUTO_INCREMENT for dumped tables
--

--
-- AUTO_INCREMENT for table `activities`
--
ALTER TABLE `activities`
  MODIFY `id` bigint(20) UNSIGNED NOT NULL AUTO_INCREMENT, AUTO_INCREMENT=13;

--
-- AUTO_INCREMENT for table `failed_jobs`
--
ALTER TABLE `failed_jobs`
  MODIFY `id` bigint(20) UNSIGNED NOT NULL AUTO_INCREMENT;

--
-- AUTO_INCREMENT for table `jobs`
--
ALTER TABLE `jobs`
  MODIFY `id` bigint(20) UNSIGNED NOT NULL AUTO_INCREMENT;

--
-- AUTO_INCREMENT for table `meetings`
--
ALTER TABLE `meetings`
  MODIFY `id` bigint(20) UNSIGNED NOT NULL AUTO_INCREMENT, AUTO_INCREMENT=8;

--
-- AUTO_INCREMENT for table `meeting_user`
--
ALTER TABLE `meeting_user`
  MODIFY `id` bigint(20) UNSIGNED NOT NULL AUTO_INCREMENT, AUTO_INCREMENT=9;

--
-- AUTO_INCREMENT for table `migrations`
--
ALTER TABLE `migrations`
  MODIFY `id` int(10) UNSIGNED NOT NULL AUTO_INCREMENT, AUTO_INCREMENT=9;

--
-- AUTO_INCREMENT for table `tasks`
--
ALTER TABLE `tasks`
  MODIFY `id` bigint(20) UNSIGNED NOT NULL AUTO_INCREMENT, AUTO_INCREMENT=10;

--
-- AUTO_INCREMENT for table `users`
--
ALTER TABLE `users`
  MODIFY `id` bigint(20) UNSIGNED NOT NULL AUTO_INCREMENT, AUTO_INCREMENT=3;

--
-- Constraints for dumped tables
--

--
-- Constraints for table `activities`
--
ALTER TABLE `activities`
  ADD CONSTRAINT `activities_user_id_foreign` FOREIGN KEY (`user_id`) REFERENCES `users` (`id`) ON DELETE CASCADE;

--
-- Constraints for table `meeting_user`
--
ALTER TABLE `meeting_user`
  ADD CONSTRAINT `meeting_user_meeting_id_foreign` FOREIGN KEY (`meeting_id`) REFERENCES `meetings` (`id`) ON DELETE CASCADE,
  ADD CONSTRAINT `meeting_user_user_id_foreign` FOREIGN KEY (`user_id`) REFERENCES `users` (`id`) ON DELETE CASCADE;

--
-- Constraints for table `tasks`
--
ALTER TABLE `tasks`
  ADD CONSTRAINT `tasks_user_id_foreign` FOREIGN KEY (`user_id`) REFERENCES `users` (`id`) ON DELETE CASCADE;
COMMIT;

/*!40101 SET CHARACTER_SET_CLIENT=@OLD_CHARACTER_SET_CLIENT */;
/*!40101 SET CHARACTER_SET_RESULTS=@OLD_CHARACTER_SET_RESULTS */;
/*!40101 SET COLLATION_CONNECTION=@OLD_COLLATION_CONNECTION */;
